"Cluster","Total_Points","Centroid_Lat","Centroid_Lng","Avg_Severity","Avg_Rank","Pct_Traffic_Signal","Pct_Junction","Pct_Crossing","Pct_Station","Peak_Hour","Weekend_Prop"
228,1151,28.5103095418769,-81.3987890267525,2,1,0,0,0,0,16,0
320,1146,28.5230428059946,-81.3839607500842,2,1,0,0,0,0,17,0
137,1133,28.5102993655155,-81.3938615217532,2,1,0,0,0,0,17,0
290,1101,28.5079798134784,-81.3983581507211,2,1,0,0,0,0,17,0
150,1092,28.500446647482,-81.4202591318678,2,1,0,0,0,0,16,100
28,1061,28.5197837832497,-81.4036869155202,2,1,0,0,0,0,17,100
241,1018,28.5184351480203,-81.3951910380116,2,1,0,0,0,0,16,0
84,1016,28.5064046884965,-81.4111739060824,2,1,0,0,0,0,16,0
407,974,28.514008911045,-81.4110434141158,2,1,0,0,0,0,15,0
167,961,28.5119766460912,-81.3898464047142,2,1,0,0,0,0,17,0
275,920,28.5129055986697,-81.3952620104443,2,1,0,0,0,0,15,100
96,906,28.5056816627331,-81.3965119000095,2,1,0,0,0,0,18,100
334,885,28.5084044872365,-81.3982063035974,2,1,0,0,0,0,16,0
196,850,28.5031362219398,-81.3977005926987,2,1,0,0,0,0,15,0
146,823,28.5111085053581,-81.4081446114241,2,1,0,0,0,0,14,100
240,794,28.5003730778224,-81.4204970681691,2,1,0,0,0,0,14,0
85,747,28.5090911259015,-81.3996546303761,2,1,0,0,0,0,18,0
399,746,28.5130165541827,-81.3856961521022,2,1,0,0,0,0,15,0
226,728,28.5071983012766,-81.4059871501167,2,1,0,0,0,0,15,0
63,727,28.5224057421009,-81.3804455120698,2,1,0,0,0,0,8,0
8,700,28.5269895312413,-81.3896172297742,2,1,0,0,0,0,8,0
45,686,28.5097044383656,-81.3875908806266,2,1,0,0,0,0,8,0
60,685,28.5290249487411,-81.3942313379639,2,1,0,0,0,0,7,0
74,661,28.5108236717322,-81.399415990206,2,1,0,0,0,0,18,0
20,643,28.5098325567414,-81.4056060374775,2,1,0,0,0,0,8,100
116,641,28.5075531472563,-81.3984812118128,2,1,0,0,0,0,7,0
236,637,28.5050088808136,-81.4042222495209,2,1,0,0,0,0,13,0
230,636,28.5000886541108,-81.4065517125029,2,1,0,0,0,0,18,0
53,623,28.5112101720042,-81.4119075845226,2,1,0,0,0,0,14,0
41,615,28.5134370020936,-81.3902753075973,2,1,0,0,0,0,18,0
36,610,28.5155196578288,-81.3821943503001,2,1,0,0,0,0,8,0
203,605,28.503292271842,-81.3856128266352,2,1,0,0,0,0,14,0
76,592,28.5283751836616,-81.3896664592692,2,1,0,0,0,0,7,0
27,588,28.5069133732422,-81.4035600148269,2,1,0,0,0,0,12,100
164,587,28.5183507194791,-81.3937307060633,2,1,0,0,0,0,14,0
143,583,28.5221956258736,-81.4109730957066,2,1,0,0,0,0,13,100
127,581,28.5103379440762,-81.4145208926194,2,1,0,0,0,0,13,0
186,572,28.5114067720955,-81.3905294437957,2,1,0,0,0,0,13,0
342,563,28.5197596899673,-81.40009684021,2,1,0,0,0,0,12,0
34,548,28.517288564238,-81.398390654774,2,1,0,0,0,0,7,0
151,548,28.499679159768,-81.4262439294445,2,1,0,0,0,0,19,100
279,544,28.4802198820267,-81.4227505376085,2,1,0,0,0,0,16,100
222,534,28.5057800754751,-81.3835658282707,2,1,0,0,0,0,13,0
498,534,28.4748212111744,-81.4251935052563,2,1,0,0,0,0,18,100
492,533,28.4786196866257,-81.4282486245565,2,1,0,0,0,0,17,100
278,522,28.4866674669187,-81.417794129482,2,1,0,0,0,0,15,100
29,506,28.4965710968973,-81.4006361488438,2,1,0,0,0,0,14,100
155,504,28.4648465829072,-81.4460007859363,2,1,0,0,0,0,19,100
43,475,28.5007758628728,-81.417382149688,2,1,0,0,0,0,6,0
39,473,28.5129022811594,-81.3923644264247,2,1,0,0,0,0,12,0
108,473,28.5070522974861,-81.412955763336,2,1,0,0,0,0,6,0
141,473,28.5143359895033,-81.3916273450101,2,1,0,0,0,0,7,100
436,452,28.4677704679833,-81.449698516408,2,1,0,0,0,0,20,100
7,446,28.5173386743722,-81.3839402286547,2,1,100,0,100,0,8,0
319,443,28.5102272745895,-81.3883784662058,2,1,0,0,0,0,9,0
80,441,28.5349047082227,-81.379648881691,2,1,0,0,0,0,9,0
327,432,28.5009690074659,-81.4069527438669,2,1,0,0,0,0,13,100
159,430,28.5268808040184,-81.3854453781395,2,1,100,0,100,0,8,0
46,425,28.5243873540274,-81.3796204665419,2,1,100,0,100,0,8,0
192,419,28.5295227701808,-81.3890728916494,2,1,0,0,0,0,6,0
173,418,28.5108298196278,-81.4084461682794,2,1,0,0,0,0,19,0
156,415,28.4696565851845,-81.4427520653226,2,1,0,0,0,0,21,100
139,414,28.492121195463,-81.4156823503227,2,1,0,0,0,0,19,0
371,409,28.5243556618418,-81.3757287053528,2,1,0,0,0,0,11,0
373,406,28.5191826253549,-81.407365363389,2,1,0,0,0,0,19,0
61,402,28.5258998463583,-81.3870582926523,2,1,100,0,100,0,7,0
37,400,28.5118345233479,-81.3766549834664,2,1,0,0,0,0,9,0
64,399,28.5309606340768,-81.3874241456837,2,1,100,0,100,0,8,0
22,398,28.5170855871367,-81.4055941187052,2,1,0,0,0,0,9,100
444,398,28.4920628812371,-81.4085807310272,2,1,0,0,0,0,19,0
47,393,28.5161581390838,-81.3852540651317,2,1,0,0,0,0,9,0
469,393,28.5176077327422,-81.385962340984,2,1,0,0,100,0,17,0
94,391,28.5416514235902,-81.4055476531189,2,1,0,0,0,0,11,100
427,390,28.5161281136298,-81.3856374497665,2,1,0,0,100,0,16,0
114,389,28.5159289531628,-81.3940730102261,2,1,100,0,100,0,7,0
6,386,28.5173366801206,-81.3894253631298,2,1,100,0,100,0,7,0
134,385,28.512214692127,-81.3892569459886,2,1,0,0,100,0,17,0
83,382,28.5208093932175,-81.406108884985,2,1,0,0,0,0,12,0
5,375,28.5149842544021,-81.3920231925763,2,1,0,0,0,0,6,0
51,373,28.5079493785867,-81.3955798782528,2,1,0,0,0,0,12,0
50,368,28.5110378611157,-81.4051273340516,2,1,0,0,0,0,11,0
461,362,28.5110986147291,-81.3884362437005,2,1,0,0,100,0,17,0
276,350,28.5111409906925,-81.4015885273176,2,1,0,0,100,0,16,100
202,348,28.5240965556176,-81.4050724759601,2,1,0,0,0,0,10,0
197,346,28.520294397409,-81.3913579926397,2,1,0,0,100,0,16,0
277,346,28.5064679904122,-81.3978026685552,2,1,0,0,0,0,20,100
67,345,28.5103394570598,-81.3972580168321,2,1,0,0,0,0,10,0
204,345,28.5056655749275,-81.3910078389565,2,1,0,0,100,0,15,0
33,343,28.5148915092058,-81.3982268349288,2,1,100,0,100,0,7,0
475,338,28.515577578894,-81.3993863720943,2,1,0,0,100,0,17,100
349,337,28.4976382236911,-81.4164006277928,2,1,0,0,0,0,11,0
19,332,28.5138829039578,-81.3984932127389,2,1,100,0,100,0,8,100
89,330,28.5012262114299,-81.3919208718862,2,1,0,0,0,0,6,100
133,325,28.4983607685845,-81.3906480753437,2,1,0,0,100,0,16,0
400,323,28.5005786522941,-81.3908703798579,2,1,0,0,100,0,15,0
323,319,28.5216392432042,-81.4124779246268,2,1,0,0,0,0,11,0
307,316,28.5022151590591,-81.4039466759771,2,1,0,0,0,0,10,100
18,315,28.5175681428571,-81.3979989714286,2,1,100,0,100,0,7,100
273,313,28.4814261101879,-81.4052471509057,2,1,0,0,100,0,14,100
118,304,28.5055493414187,-81.4257228491912,2,1,0,0,0,0,10,0
260,303,28.523113333302,-81.3695223921355,2,1,0,0,100,0,16,0
219,297,28.4893029653379,-81.426059032652,2,1,0,0,0,0,16,0
158,296,28.5026376808869,-81.4226906330006,2,1,0,0,0,0,14,0
190,296,28.5245014424681,-81.3947502094819,2,1,100,0,100,0,17,0
255,295,28.4916928548413,-81.4055801872071,2,1,0,0,0,0,12,100
261,290,28.5222188976073,-81.3726790467352,2,1,0,0,100,0,17,0
1,287,28.5253495219666,-81.3980186813065,2,1,100,0,100,0,17,0
109,284,28.5195496328659,-81.3958194992459,2,1,100,0,100,0,9,0
182,283,28.5185746503989,-81.402155679999,2,1,100,0,100,0,9,0
135,281,28.5203192567561,-81.3889660008271,2,1,100,0,100,0,17,0
189,281,28.5223232334625,-81.3761629955583,2,1,100,0,100,0,16,0
233,281,28.5171432065125,-81.3874595262278,2,1,100,0,100,0,9,0
32,280,28.5141656080334,-81.399421971723,2,1,100,0,100,0,6,0
439,280,28.5200682557338,-81.3893395976533,2,1,0,0,100,0,15,0
220,279,28.4946760132936,-81.4298799960068,2,1,0,0,0,0,17,0
56,273,28.5203869551102,-81.3684984778481,2,1,100,0,100,0,6,0
75,269,28.5223044268991,-81.388538010242,2,1,100,0,100,0,6,0
326,267,28.5046670859217,-81.4259676505047,2,1,0,0,0,0,11,100
248,266,28.5190840138905,-81.4017769878124,2,1,0,0,100,0,15,100
44,263,28.5005410982056,-81.4056240628355,2,1,100,0,100,0,6,0
209,262,28.4812878107258,-81.4209479978591,2,1,0,0,0,0,20,0
212,260,28.5196931978318,-81.3996475170608,2,1,100,0,100,0,17,100
168,259,28.5273734638496,-81.3877070971208,2,1,100,0,100,0,17,0
500,258,28.468213336513,-81.4402719845874,2,1,0,0,0,0,22,100
199,254,28.4990023473506,-81.4187511589363,2,1,0,0,0,0,20,0
367,253,28.4928230747045,-81.4289747296015,2,1,0,0,0,0,15,0
149,252,28.5171616594065,-81.4019225414099,2,1,100,0,100,0,16,100
412,250,28.5120903428537,-81.3773029050987,2,1,0,0,100,0,18,100
200,249,28.5079482889048,-81.4181353740295,2,1,0,0,0,0,5,0
166,247,28.5089572216891,-81.3866503117317,2,1,100,0,100,0,16,0
90,246,28.5252128255764,-81.3955632889457,2,1,100,0,100,0,6,100
131,245,28.5067169128807,-81.391393084924,2,1,100,0,100,0,16,0
176,242,28.5162031571386,-81.4155724429425,2,1,0,0,0,0,20,0
215,242,28.4889883199274,-81.4245998881241,2,1,0,0,0,0,10,100
358,241,28.5255190142773,-81.4024328832423,2,1,0,0,0,0,5,0
388,240,28.497117513095,-81.4198553609639,2,1,0,0,0,0,21,0
9,239,28.5143873138075,-81.3844836150628,2,1,100,0,100,0,9,0
298,239,28.5017329351126,-81.3923020000629,2,1,0,0,100,0,14,0
265,238,28.5005350961403,-81.4016550513231,2,1,0,0,0,0,20,0
86,235,28.5250552151581,-81.4202199392604,2,1,0,0,0,0,4,100
161,235,28.5105025804356,-81.3796930687438,2,1,0,0,0,0,10,0
195,232,28.517631826468,-81.3928295783444,2,1,100,0,100,0,14,0
123,231,28.5195660231435,-81.3824305510872,2,1,100,0,100,0,16,0
16,228,28.5089458593995,-81.4016995968159,2,1,0,0,0,0,5,100
207,226,28.5116412963197,-81.3983954033532,2,1,100,0,100,0,18,0
454,226,28.4912108416306,-81.417205293471,2,1,0,0,0,0,21,0
418,225,28.5033265571244,-81.4110176157879,2,1,0,0,0,0,22,100
471,224,28.4898555615189,-81.4288127240762,2,1,0,0,0,0,21,100
106,222,28.5046104398969,-81.4071761858889,2,1,0,0,0,0,13,0
517,221,28.5256756704044,-81.3678837389729,2,1,0,0,100,0,15,0
259,220,28.4988739247069,-81.3821321790171,2,1,0,0,100,0,14,0
271,219,28.528606361573,-81.3986169159037,2,1,100,0,100,0,15,0
383,218,28.5286599678899,-81.386276353211,2,1,0,0,100,0,14,0
402,217,28.4952384700608,-81.4183692106948,2,1,0,0,0,0,21,0
281,214,28.4777883988503,-81.4242448439781,2,1,0,0,0,0,18,0
237,211,28.5258920937697,-81.3920980619736,2,1,100,0,100,0,13,0
477,210,28.5136105636758,-81.41142506239,2,1,0,0,100,0,18,0
130,209,28.5293359409364,-81.3861980875594,2,1,100,0,100,0,14,0
213,209,28.5212380993093,-81.4093915396309,2,1,100,0,100,0,18,100
282,209,28.4848724612395,-81.4185984866912,2,1,0,0,0,0,19,0
347,209,28.507457081488,-81.4079983693835,2,1,0,0,0,0,4,0
92,208,28.5258595111901,-81.3920787242016,2,1,100,0,100,0,9,100
178,208,28.5117478900321,-81.4074642477578,2,1,0,0,0,0,5,0
198,208,28.5175738086979,-81.3940319982878,2,1,100,0,100,0,18,0
227,208,28.5104988676984,-81.3903706642167,2,1,100,0,100,0,15,0
294,206,28.5314967635652,-81.3788046099007,2,1,0,0,100,0,8,0
376,204,28.5195230735294,-81.3952863872549,2,1,0,0,0,0,4,0
145,200,28.5314751026813,-81.3851079942067,2,1,100,0,100,0,14,100
210,198,28.4804573671422,-81.430940331631,2,1,0,0,0,0,22,0
293,198,28.5106459642043,-81.3947831354893,2,1,0,0,0,0,5,0
445,198,28.4934641814056,-81.4146694529643,2,1,0,0,0,0,22,0
521,197,28.491748746674,-81.4186441054889,2,1,0,0,0,0,20,0
188,196,28.5312578672794,-81.3899911512957,2,1,100,0,100,0,14,0
126,193,28.5170954281959,-81.3892818980789,2,1,100,0,100,0,12,0
170,193,28.533213364877,-81.3912376664739,2,1,100,0,100,0,18,0
285,193,28.5035235707821,-81.3714622022484,2,1,100,0,100,0,12,0
372,193,28.5101174998947,-81.378399846888,2,1,0,0,100,0,18,0
148,189,28.5224698841559,-81.3843772007605,2,1,100,0,100,0,15,100
366,189,28.5116506828826,-81.4066331521867,2,1,0,0,0,0,12,0
528,188,28.429247223715,-81.4575026184934,2,1,0,0,100,0,15,100
208,186,28.5031754569892,-81.3927896344086,2,1,0,0,100,0,18,0
421,186,28.5102966654783,-81.3893875385702,2,1,100,0,100,0,18,0
119,185,28.5192978230408,-81.3885598908585,2,1,100,0,100,0,11,0
415,184,28.488605884402,-81.4138452614188,2,1,0,0,0,0,21,0
266,183,28.5236140108197,-81.3967962024044,2,1,0,0,100,0,14,0
296,183,28.5134296835285,-81.4046501478585,2,1,100,0,100,0,15,0
78,180,28.5304268553569,-81.3792244441901,2,1,0,0,100,0,8,0
70,179,28.5346067194432,-81.3739680886183,2,1,100,0,100,0,12,0
165,179,28.513076204589,-81.3979729564034,2,1,100,0,100,0,15,0
117,178,28.5506209101834,-81.4095653997905,2,1,0,0,100,0,8,0
557,178,28.4662364894204,-81.4259900705253,2,1,0,0,100,0,16,100
25,176,28.5156542157568,-81.3948264007034,2,1,100,0,100,0,12,100
40,176,28.5228363415758,-81.3874875865818,2,1,100,0,100,0,14,0
187,176,28.5202611818182,-81.3752482954545,2,1,0,0,100,0,13,0
289,176,28.5081473761972,-81.3835603682872,2,1,100,0,100,0,12,0
455,176,28.5144531306818,-81.3751752727273,2,1,0,0,100,0,13,0
177,175,28.5285204420733,-81.4139149035303,2,1,0,0,0,0,4,0
473,175,28.5413359371429,-81.3660806228571,2,1,0,0,100,0,13,100
59,172,28.5258802209302,-81.3927165581395,2,1,0,0,100,0,7,0
239,170,28.5154931176471,-81.3772927647059,2,1,0,0,100,0,13,0
225,168,28.5343518449574,-81.377647147077,2,1,100,0,100,0,10,0
315,168,28.4831906204237,-81.4249601741082,2,1,0,0,0,0,21,0
422,167,28.4650303650431,-81.4205848371996,2,1,0,0,100,0,14,100
124,166,28.515631761689,-81.3861400674225,2,1,0,0,100,0,7,0
125,166,28.5222298279197,-81.4004256106883,2,1,100,0,100,0,10,0
331,166,28.5077108077596,-81.3838328002782,2,1,100,0,100,0,11,0
144,162,28.5203657829154,-81.3936278678675,2,1,100,0,100,0,13,100
216,162,28.4952955956155,-81.4509057717176,2,1,0,0,0,0,11,0
129,161,28.5258557958697,-81.3793092866897,2,1,100,0,100,0,13,0
615,161,28.4955037952786,-81.4134080854068,2,1,0,0,0,0,23,100
245,159,28.5169274352201,-81.3769939001258,2,1,100,0,100,0,11,0
23,158,28.5241217240263,-81.3784928300964,2,1,100,0,100,0,10,100
185,158,28.5267892974684,-81.393618556962,2,1,100,0,100,0,13,0
122,157,28.5089365115516,-81.39152076155,2,1,100,0,100,0,10,0
68,156,28.5154956619026,-81.3790510366038,2,1,100,0,100,0,11,0
262,156,28.4947881308621,-81.3881027674348,2,1,0,0,100,0,18,0
172,155,28.5181390732584,-81.4018818106826,2,1,100,0,100,0,19,0
180,152,28.5304569996468,-81.3978774709956,2,1,0,0,100,0,7,0
352,152,28.5204405986842,-81.4164877894737,2,1,0,0,0,100,17,0
417,151,28.5041424370861,-81.4061452582781,2,1,0,0,100,0,19,100
110,149,28.5176441063758,-81.3775606214765,2,1,100,0,100,0,10,0
257,149,28.4848142400235,-81.4104616412042,2,1,0,0,100,0,13,100
325,149,28.4939991785459,-81.4359958643011,2,1,0,0,0,0,9,100
541,149,28.5109846577181,-81.4070797919463,2,1,0,0,0,100,17,0
297,148,28.5133511574864,-81.4053563661192,2,1,0,0,100,0,13,0
24,146,28.5276378623942,-81.389394915271,2,1,100,0,100,0,11,100
162,146,28.504608630137,-81.3806182123288,2,1,0,0,100,0,12,0
55,145,28.5098110323049,-81.3688215593061,2,1,0,0,0,0,4,0
264,145,28.5128313564857,-81.3732037120776,2,1,100,0,100,0,19,0
375,145,28.501632120654,-81.3953363048521,2,1,0,0,0,0,22,0
79,144,28.5518322986111,-81.4024726875,3,1,0,0,0,0,8,0
214,144,28.5157793289077,-81.4060128491725,2,1,100,0,100,0,19,100
138,142,28.5223174225352,-81.3872714788732,2,1,100,0,100,0,19,0
280,142,28.493502297367,-81.4216283940214,2,1,0,0,0,0,10,0
26,141,28.4994221631206,-81.3976677730496,2,1,0,0,100,0,12,100
565,141,28.4887663609377,-81.4117740194403,2,1,0,0,0,0,23,100
529,140,28.4836511198462,-81.4179226589489,2,1,0,0,0,0,22,0
283,137,28.5368379489051,-81.4016548248175,2,1,0,0,100,0,8,0
401,135,28.5363211511111,-81.3934855326667,2,1,0,0,100,0,12,0
244,132,28.5275253288392,-81.3800445119362,2,1,100,0,100,0,19,0
163,131,28.525063445142,-81.3812288134607,2,1,100,0,100,0,13,0
91,128,28.5286132730181,-81.4050747624323,2,1,0,0,100,0,7,100
599,126,28.503778913824,-81.383694325054,2,1,0,0,0,0,0,100
99,125,28.5100305579869,-81.4218843476483,2,1,0,0,0,0,7,100
181,125,28.55451028,-81.4017024,3,1,0,0,0,0,8,0
370,125,28.506267232,-81.407622528,2,1,0,0,100,0,9,0
451,125,28.5089650546539,-81.4084856104884,2,1,0,0,0,0,22,0
62,124,28.5479890806452,-81.3976428870968,3,1,0,0,0,0,8,0
351,124,28.5199115744225,-81.3815850536971,2,1,0,0,100,0,12,0
88,123,28.5118380415483,-81.3861736092585,2,1,100,0,100,0,4,100
174,123,28.5304770563065,-81.3782025695461,2,1,100,0,100,0,20,0
479,123,28.4312526066667,-81.4025389557724,2,2,0,0,0,0,13,0
482,123,28.5174433739837,-81.4056406178862,2,1,0,0,0,100,16,100
587,123,28.4396287042276,-81.4026701021138,2,2,0,0,0,0,15,0
624,123,28.4821314697643,-81.4230040810903,2,1,0,0,100,0,17,100
378,122,28.4845143046053,-81.4186210472699,2,1,0,0,0,0,9,0
644,122,28.4335149836066,-81.4377031967213,2,1,0,0,100,0,18,100
4,120,28.5232236889763,-81.3662883914664,2,1,100,0,100,0,20,0
311,120,28.4901992087337,-81.4185563676656,2,1,0,0,0,0,8,100
408,120,28.4324136916667,-81.4022370666667,2,2,0,0,0,0,14,0
15,119,28.5115402073826,-81.3984937542854,2,1,100,0,100,0,20,0
284,119,28.5338442259865,-81.3612220599395,2,1,0,0,100,0,9,0
329,119,28.5107543613445,-81.3887445630252,2,1,100,0,100,0,4,0
610,119,28.5080997651079,-81.4246529538848,2,1,0,0,0,0,0,0
171,118,28.5233627203729,-81.3954200869218,2,1,0,0,100,0,19,0
545,118,28.4660310847458,-81.4013582457627,2,2,0,0,0,0,16,0
620,118,28.4736012711864,-81.4004501949153,2,2,0,0,0,0,14,100
356,117,28.5174511794872,-81.4247601538462,2,1,0,0,100,0,9,100
434,117,28.4471187975474,-81.4047538143832,2,2,0,0,0,0,16,0
576,117,28.5093994105384,-81.4131143165055,2,1,0,0,0,0,23,0
303,116,28.5335575502946,-81.400519318414,2,1,0,0,100,0,7,0
355,116,28.5059415939571,-81.3931350674504,2,1,0,0,100,0,10,0
585,116,28.5261829913793,-81.4207724396552,2,1,0,0,0,100,16,0
263,115,28.5507425304348,-81.4033563391304,3,1,0,0,0,0,7,0
472,115,28.4989024379912,-81.4165202915105,2,1,0,0,0,100,16,0
494,115,28.5153052724994,-81.4018296824008,2,1,0,0,0,100,16,0
635,115,28.443525626087,-81.402211,2,2,0,0,100,0,15,0
30,114,28.5031941058176,-81.4057044069759,2,1,100,0,100,0,5,0
354,114,28.5217414588976,-81.3811102232342,2,1,100,0,100,0,4,0
476,114,28.4449119035088,-81.4024850789474,2,2,0,0,0,0,16,0
404,112,28.4973968667958,-81.417667783757,2,1,100,0,100,0,21,0
537,112,28.4469003928571,-81.4015626696429,2,2,0,0,100,0,17,100
584,112,28.5148036428571,-81.3872471517857,2,1,0,0,0,100,17,0
57,111,28.5507454954955,-81.4033736216216,3,1,0,0,0,0,7,0
306,110,28.5226118545455,-81.3928116181818,2,1,0,0,100,0,8,100
406,110,28.5201225,-81.3588902272727,2,1,0,0,100,0,11,0
590,110,28.4908549150245,-81.3983390954084,2,1,0,0,0,0,23,0
608,110,28.5188803599107,-81.3953446363279,2,1,0,0,0,0,23,0
452,108,28.4478598148148,-81.4011880833333,2,2,0,0,100,0,14,0
66,107,28.5454189345794,-81.4089562803738,3,1,0,0,0,0,9,0
201,107,28.512258491181,-81.3839844552149,2,1,0,0,100,0,9,0
231,107,28.5270593063179,-81.4005365241069,2,1,100,0,100,0,20,0
385,107,28.4514951308411,-81.4014640560748,2,2,0,0,0,0,13,0
35,105,28.5413530857143,-81.4066686571429,3,1,0,0,0,0,8,0
312,105,28.4430394569511,-81.4287445450369,2,1,100,0,100,0,15,100
467,105,28.5061401714286,-81.3886818380952,2,1,0,0,0,100,14,100
508,105,28.4543897309478,-81.4475828626089,2,1,0,0,100,0,21,100
11,104,28.51226625,-81.4008487596154,2,1,0,0,100,0,11,0
353,104,28.5057227403846,-81.4020957019231,2,1,100,0,100,0,4,0
424,104,28.5250136543113,-81.345754434331,2,1,0,0,100,0,11,100
425,104,28.4376555384615,-81.4046838173077,2,2,0,0,0,0,16,100
481,104,28.4501876153846,-81.4048323365385,2,2,0,0,0,0,17,0
513,104,28.4713455096154,-81.4070735192308,2,1,0,0,100,0,19,0
152,103,28.5162308639691,-81.3767224102622,2,1,100,0,100,0,20,100
625,103,28.5116601286642,-81.4498237403407,2,1,0,0,0,0,5,100
82,102,28.5147894826829,-81.4045753049708,2,1,0,0,100,0,12,0
111,102,28.488020298304,-81.4146789492757,2,1,0,0,100,0,11,0
21,101,28.5365321683168,-81.4074783663366,3,1,0,0,0,0,8,100
184,101,28.4424478712871,-81.401918,2,2,0,0,0,0,12,0
344,101,28.5705462970297,-81.4092198811881,3,1,0,0,0,0,6,0
391,101,28.5192082374266,-81.4049605045642,2,1,0,0,0,0,7,0
592,101,28.5231955401261,-81.4052719969025,2,1,0,0,0,0,2,100
48,100,28.55639285,-81.40117663,3,1,0,0,0,0,9,0
136,100,28.44204258,-81.40330429,2,2,0,0,0,0,17,0
495,100,28.51546774,-81.39174862,2,1,0,0,0,100,17,0
550,99,28.4459759090909,-81.4031171212121,2,2,0,0,100,0,16,100
554,99,28.546845030303,-81.4273097979798,2,1,0,0,100,100,16,100
617,99,28.4886941313131,-81.4174771616162,2,1,0,0,100,0,12,100
81,98,28.5430493469388,-81.4086286632653,3,1,0,0,0,0,9,0
631,98,28.499051326797,-81.4347041466471,2,1,0,0,0,0,3,100
31,97,28.5454340824742,-81.4138521030928,3,1,0,0,0,0,6,0
42,97,28.5382588762887,-81.4160070206186,2,1,0,0,100,0,6,0
77,97,28.5475939896907,-81.4049162783505,3,1,0,0,0,0,7,0
140,97,28.5321765051546,-81.4209376185567,3,1,0,0,0,0,7,100
205,97,28.5446242886598,-81.4002591649485,3,1,0,0,0,0,17,0
438,97,28.4506622408016,-81.4020191603094,2,2,0,0,0,0,17,0
556,97,28.4343176804124,-81.4030003814433,2,2,0,0,100,0,16,0
563,97,28.4512542268041,-81.4027078762887,2,2,0,0,0,0,17,100
3,96,28.5200340520833,-81.3954311354167,2,1,0,0,100,0,19,0
270,96,28.4369717284622,-81.4016782144473,2,2,0,0,0,0,14,0
536,96,28.4440678229167,-81.4016594166667,2,2,0,0,0,0,15,0
623,96,28.5022728560701,-81.4116704814309,2,1,0,0,0,0,0,100
58,94,28.5530385744681,-81.3930242446808,3,1,0,0,0,0,6,0
338,94,28.5076844558813,-81.3627077355564,2,1,100,0,100,0,5,0
324,93,28.5047163584113,-81.3896748716771,2,1,100,0,100,0,5,100
142,91,28.5443218461538,-81.400804967033,3,1,0,0,0,0,13,100
224,91,28.5275542637363,-81.4107094175824,2,1,0,0,100,0,9,0
269,91,28.5048668681319,-81.4023211758242,2,1,0,0,100,0,6,0
316,91,28.5332505164835,-81.4119706703297,3,1,0,0,0,0,7,0
317,91,28.5356280549451,-81.4156753076923,3,1,0,0,0,0,9,0
364,91,28.5484022197802,-81.4112652307692,3,1,0,0,0,0,16,100
457,91,28.4289706043956,-81.4032366593407,2,2,0,0,100,0,17,0
483,91,28.4446207465096,-81.4013493580982,2,2,0,0,0,0,14,0
13,90,28.5639727,-81.3973346666667,3,1,0,0,0,0,18,0
223,90,28.5108937666667,-81.4028520888889,2,1,100,0,100,0,5,0
321,90,28.5092277555556,-81.3879751222222,2,1,100,0,100,0,5,0
409,90,28.5146694777778,-81.3853035888889,2,1,0,0,0,100,15,0
484,90,28.4537779555556,-81.4019129111111,2,2,0,0,0,0,17,0
638,90,28.4917920861476,-81.3776786443002,2,1,0,0,0,0,1,0
534,89,28.4430490561798,-81.4018243595506,2,2,0,0,100,0,15,0
601,89,28.506456614657,-81.4059207631299,2,1,0,0,0,0,3,0
648,89,28.5175076861083,-81.3915858925054,2,1,0,0,0,0,6,100
522,88,28.4539837914224,-81.4442814709651,2,1,0,0,100,0,19,100
606,88,28.4446137840909,-81.4019816931818,2,2,0,0,0,0,13,0
250,87,28.4872193333333,-81.427583091954,2,1,0,0,100,0,20,100
458,87,28.5047720229885,-81.3996402758621,2,1,0,0,100,0,19,0
503,87,28.437429908046,-81.4021318045977,2,2,0,0,0,0,16,100
546,86,28.5243744870887,-81.4016286201584,2,1,0,0,0,0,3,100
632,86,28.521929633436,-81.3756782499438,2,1,0,0,0,0,1,100
132,85,28.5248079294118,-81.4057731647059,3,1,0,0,0,0,16,0
288,85,28.5158976235294,-81.3729244705882,2,1,0,0,100,0,11,0
539,85,28.5460089058824,-81.4116714117647,2,1,0,0,100,100,16,0
555,85,28.4510159411765,-81.4014112,2,2,0,0,100,0,16,0
121,84,28.5226854166667,-81.4147131904762,3,1,0,0,0,0,16,0
211,84,28.5424035357143,-81.4052375833333,3,1,0,0,0,0,9,100
229,84,28.5515681071429,-81.4025635357143,3,1,0,0,0,0,17,0
441,84,28.4495091071429,-81.4023276666667,2,2,0,0,0,0,15,0
516,84,28.4486051309524,-81.4024719642857,2,2,0,0,0,0,15,100
527,84,28.4424814642857,-81.4026375238095,2,2,0,0,100,0,15,0
570,84,28.4557172380952,-81.3998552619048,2,2,0,0,0,0,13,100
579,84,28.4526586041892,-81.4022818323545,2,2,0,0,0,0,15,0
609,84,28.5259221316355,-81.443414492651,2,1,0,0,0,0,0,0
619,84,28.5014960885305,-81.3999765055542,2,1,0,0,0,0,3,0
38,83,28.4285362168675,-81.4028925903614,2,2,0,0,0,0,11,0
268,83,28.5550805542169,-81.358120746988,2,1,0,0,100,100,17,0
302,83,28.513297153538,-81.400994009301,2,1,0,0,100,0,6,0
443,83,28.4634962357877,-81.4463851032118,2,1,0,0,100,0,20,100
524,83,28.5009371445783,-81.4146459638554,2,1,0,0,0,100,18,100
616,83,28.4951302341355,-81.4131114469723,2,1,0,0,0,0,23,0
72,82,28.529099097561,-81.4054395487805,3,1,0,0,0,0,17,0
453,82,28.5264987560976,-81.3960612317073,2,1,0,0,0,100,15,0
506,82,28.5557996585366,-81.3795643170732,2,1,0,0,100,100,17,0
335,81,28.5421960864198,-81.4023547901235,3,1,0,0,0,0,18,0
448,81,28.4301606790123,-81.4022510740741,2,2,0,0,0,0,12,0
544,81,28.5058455088697,-81.3992569759205,2,1,0,0,0,0,1,0
581,81,28.4494947816049,-81.4023762503704,2,2,0,0,0,0,16,0
435,80,28.4513180507176,-81.4423472996057,2,1,100,0,100,0,19,100
465,80,28.51657865,-81.3942624,2,1,0,0,0,100,17,100
604,80,28.4494439375,-81.402434725,2,2,0,0,100,0,15,0
634,80,28.434568658622,-81.4468127892539,2,1,0,0,100,0,17,0
175,79,28.5016474987334,-81.3939436678099,2,1,0,0,100,0,20,0
308,79,28.4301153417722,-81.4038897974684,2,2,0,0,0,0,11,100
583,79,28.5133668227848,-81.4075413291139,2,1,0,0,0,100,15,0
611,78,28.5045607996931,-81.3474259218216,2,1,0,0,0,0,3,0
2,77,28.5379014285714,-81.4051494415584,3,1,0,0,0,0,18,0
112,77,28.5336401688312,-81.4171296233766,3,1,0,0,0,0,16,0
621,77,28.5040960123486,-81.4288166144197,2,1,0,0,0,0,23,0
183,76,28.5340513421053,-81.3907688026316,2,1,0,0,100,0,10,0
339,76,28.521023128296,-81.4003051647641,2,1,0,0,100,0,6,0
497,76,28.4379254210526,-81.4038618289474,2,2,0,0,0,0,12,0
540,76,28.5229130056767,-81.4116512660325,2,1,0,0,100,100,17,100
559,76,28.4511322236842,-81.40044275,2,2,0,0,0,0,14,100
485,75,28.4556680933333,-81.4317538533333,2,1,0,0,100,0,21,100
113,74,28.5342208243243,-81.4060800405405,3,1,0,0,0,0,17,0
286,74,28.5283970810811,-81.4345482837838,3,1,0,0,0,0,15,0
442,73,28.5085307892645,-81.4089863237429,2,1,100,0,100,0,22,100
628,73,28.5206986138677,-81.3872560159044,2,1,0,0,0,0,2,100
234,72,28.5192738888889,-81.4111079583333,3,1,0,0,0,0,10,0
489,72,28.4962196666667,-81.4162266944444,2,1,0,0,0,100,12,100
509,72,28.5195039609223,-81.3922692607908,2,1,0,0,0,100,16,0
577,72,28.4513835972222,-81.4009245555556,2,2,0,0,100,0,17,0
612,72,28.5240638422383,-81.3855634424188,2,1,0,0,0,0,2,0
304,71,28.4337744366197,-81.4459078591549,2,1,0,0,100,0,20,0
449,71,28.5412002253521,-81.4106211126761,3,1,0,0,0,0,15,100
480,71,28.4491413943662,-81.4032635915493,2,2,0,0,100,0,17,0
614,71,28.5203540486801,-81.4191843965315,2,1,0,0,0,0,4,100
128,70,28.5691184,-81.4006991,3,1,0,0,0,0,13,0
206,70,28.5239242830209,-81.4121919808898,2,1,0,0,100,100,17,0
305,70,28.5450205571429,-81.4046556714286,3,1,0,0,0,0,6,100
600,70,28.5349687269378,-81.4191141044645,2,1,0,0,0,0,2,0
54,69,28.5396447826087,-81.3946602608696,3,1,0,0,0,0,15,0
104,69,28.4921953491285,-81.3768225308816,2,1,0,0,0,0,8,0
310,69,28.5192375058704,-81.4054549742669,2,1,100,0,100,0,21,100
360,69,28.5074858550725,-81.4209823623188,2,1,100,0,100,0,4,0
463,69,28.4972694492754,-81.4253494202898,2,1,100,0,100,0,20,100
535,69,28.4420933478261,-81.4017386231884,2,2,0,0,100,0,14,0
568,69,28.4537125217391,-81.4021547246377,2,2,0,0,0,0,18,100
593,69,28.5130165811175,-81.3700044930639,2,1,0,0,0,0,0,0
598,69,28.5043438267733,-81.3694181247524,2,1,0,0,0,0,0,0
639,69,28.4487104492754,-81.4682794927536,2,1,0,0,0,100,19,100
300,68,28.5353962205882,-81.4159548529412,3,1,0,0,0,0,17,100
357,68,28.4991243529412,-81.4391548382353,3,1,0,0,0,0,18,100
507,68,28.4343953235294,-81.4028273235294,2,2,0,0,100,0,16,0
547,68,28.5124073970588,-81.385554,2,1,0,0,0,100,15,100
571,68,28.4911795,-81.3874324852941,2,1,0,0,0,100,14,100
103,67,28.5031733019403,-81.3743303019403,2,1,100,0,100,0,13,100
333,67,28.5479758358209,-81.420185119403,3,1,0,0,0,0,14,0
361,67,28.4878076884666,-81.4156550766578,2,1,0,0,100,0,5,0
413,67,28.5112903134328,-81.3497521940298,2,1,0,0,0,100,12,0
69,66,28.5346101060606,-81.4075696818182,3,1,0,0,0,0,11,0
71,66,28.559758030303,-81.3890533939394,3,1,0,0,0,0,16,0
169,66,28.4461666818182,-81.4014511363636,2,2,0,0,100,0,17,0
221,66,28.5147798330367,-81.4226587612231,2,1,0,0,0,0,2,0
246,66,28.5278224393939,-81.411315469697,2,1,0,0,100,0,10,100
314,66,28.5337312878788,-81.4154853636364,3,1,0,0,0,0,16,0
389,66,28.4759650712199,-81.4117274485563,2,1,100,0,100,0,22,0
395,66,28.4975269465947,-81.4061017240482,2,1,100,0,100,0,17,100
433,66,28.4469696844807,-81.401693497908,2,2,0,0,0,0,14,0
440,66,28.5133534098686,-81.3763068884419,2,1,100,0,100,0,22,0
551,66,28.5213991969697,-81.3766271515152,2,1,0,0,0,100,15,0
582,66,28.4819623284368,-81.4122153503562,2,1,0,0,100,0,15,0
622,66,28.4464141212121,-81.4010412272727,2,2,0,0,100,0,14,0
627,66,28.4461123181818,-81.4552289393939,2,1,0,0,0,100,18,100
102,65,28.5303199230769,-81.4146960307692,3,1,0,0,0,0,12,100
160,65,28.5329718,-81.4008451692308,2,1,0,0,100,0,10,0
299,65,28.5046334,-81.3938753846154,2,1,0,0,100,100,16,0
459,65,28.5215606923077,-81.3867772615385,2,1,0,0,0,100,12,0
589,65,28.4359085538462,-81.4018268,2,2,0,0,0,0,18,0
603,65,28.5071640487425,-81.4113062232671,2,1,0,0,0,0,0,0
345,64,28.548502953125,-81.409588515625,3,1,0,0,0,0,15,0
446,64,28.4714098751161,-81.3925291730262,2,1,100,0,100,0,22,0
518,64,28.437436859375,-81.446813578125,2,1,0,0,100,0,22,100
605,64,28.4936062649143,-81.4244542212786,2,1,0,0,0,0,2,0
626,64,28.457486734375,-81.464883328125,2,1,0,0,0,100,21,100
17,63,28.5270794920635,-81.3759262539683,2,1,0,0,100,0,6,100
52,63,28.5435702698413,-81.4128095238095,3,1,0,0,0,0,12,0
97,63,28.539226015873,-81.4023033492063,3,1,0,0,0,0,19,100
341,63,28.5050426825397,-81.3997144603175,2,1,0,0,100,0,10,0
343,63,28.5439917301587,-81.4038904920635,3,1,0,0,0,0,15,0
365,63,28.5417093492064,-81.4084671269841,3,1,0,0,0,0,15,100
456,63,28.4825942857143,-81.4215451904762,2,1,0,0,100,0,5,100
514,63,28.4387142063492,-81.4035709523809,2,2,0,0,100,0,14,0
561,63,28.4469453809524,-81.4035795555556,2,2,0,0,0,0,18,0
580,63,28.5180415079365,-81.4173327460317,2,1,0,0,0,100,13,100
642,63,28.474017556354,-81.4233389529865,2,1,0,0,0,0,3,0
73,62,28.5528423870968,-81.3949400806452,3,1,0,0,0,0,19,0
157,62,28.5422960483871,-81.4178546774194,3,1,0,0,0,0,14,0
291,62,28.5504263548387,-81.4064380322581,3,1,0,0,0,0,18,0
313,62,28.5283373548387,-81.419159516129,3,1,0,0,0,0,15,0
405,62,28.4972547258065,-81.4163265,2,1,0,0,0,100,14,0
432,62,28.4318212419355,-81.4031335806452,2,2,0,0,100,0,12,0
533,62,28.4728793225806,-81.4490644516129,2,1,0,0,100,0,14,0
647,62,28.5035491407609,-81.3820444278889,2,1,0,0,0,0,1,0
394,61,28.4906418835495,-81.4230012732681,2,1,100,0,100,0,16,100
468,61,28.494249012988,-81.4198111045176,2,1,100,0,100,0,18,100
530,61,28.4632076376333,-81.3995375675203,2,2,0,0,100,0,18,0
543,61,28.5187928676283,-81.3944739964589,2,1,0,0,0,100,14,0
566,61,28.4475483207473,-81.4344219592604,2,1,0,0,100,0,21,0
594,61,28.5529421663869,-81.4189297947298,2,1,0,0,0,0,3,0
652,61,28.5248782575959,-81.4073192485461,2,1,0,0,0,0,1,0
272,60,28.4731508833333,-81.4208012166667,2,1,0,0,100,0,20,0
350,60,28.5504726333333,-81.39828485,3,1,0,0,0,0,12,0
430,60,28.52603115,-81.4001532833333,3,1,0,0,0,0,16,100
447,60,28.4898648191035,-81.4215200585703,2,1,100,0,100,0,21,0
501,60,28.4421812333333,-81.4038672,2,2,0,0,0,0,13,0
640,60,28.4707104666667,-81.4315389,2,1,0,0,0,100,16,100
12,59,28.5367770677966,-81.4136136271187,3,1,0,0,0,0,12,0
238,59,28.5455177118644,-81.406624,3,1,0,0,0,0,13,0
242,59,28.4434354067797,-81.4019991016949,2,2,0,0,100,0,16,0
247,59,28.5365333050847,-81.396438338983,3,1,0,0,0,0,11,100
411,59,28.5647255762712,-81.3996667627119,3,1,0,0,0,0,12,100
519,59,28.4372610338983,-81.4347460847458,2,1,0,0,100,0,21,0
636,59,28.4310766388095,-81.4679404939036,2,1,0,0,100,0,18,0
10,58,28.5422603793103,-81.3986289827586,3,1,0,0,0,0,10,0
235,58,28.5453416551724,-81.4124641034483,3,1,0,0,0,0,12,0
309,58,28.5494315862069,-81.4121917758621,3,1,0,0,0,0,14,100
474,58,28.506436282224,-81.4164540607535,2,1,0,0,0,100,18,0
515,58,28.4891266870391,-81.4302764671977,2,1,100,0,100,0,21,0
49,57,28.5227274912281,-81.4169061403509,3,1,0,0,0,0,10,0
93,57,28.5190040526316,-81.4160283508772,3,1,0,0,0,0,10,100
179,57,28.5487450350877,-81.4180264561404,3,1,0,0,0,0,6,0
249,57,28.4441268769328,-81.4023654126468,2,2,0,0,100,0,18,100
379,57,28.5074080701754,-81.3941223157895,2,1,0,0,100,0,5,0
397,57,28.4308029122807,-81.4029125087719,2,2,0,0,0,0,14,0
426,57,28.4860214561403,-81.4110777894737,2,1,0,0,0,100,15,100
491,57,28.4323713333333,-81.4029516491228,2,2,0,0,0,0,15,100
504,57,28.5088168974609,-81.3850851964282,2,1,100,0,100,0,18,0
560,57,28.5642530175439,-81.3891195438596,2,1,0,0,100,100,17,0
591,57,28.5391084095974,-81.3762964111604,2,1,0,0,0,0,1,0
630,57,28.5052756150877,-81.3726240068421,2,1,0,0,0,0,5,0
218,56,28.4861238294643,-81.4093917846428,2,1,100,0,100,0,16,0
253,56,28.5097787086962,-81.4130585637804,2,1,100,0,100,0,11,100
295,56,28.5033826851605,-81.4285037236376,2,1,0,0,0,100,14,0
431,56,28.4536556785714,-81.4007605714286,2,2,0,0,0,0,9,0
512,56,28.5009417827923,-81.3892928123369,2,1,100,0,100,0,19,0
120,55,28.5486394181818,-81.4001096727273,3,1,0,0,0,0,14,0
330,55,28.4530611272727,-81.4062846545455,2,2,0,0,0,0,7,0
502,55,28.4593320727273,-81.3996915818182,2,2,0,0,100,0,13,0
511,55,28.5136522,-81.3761461818182,2,1,0,0,0,100,14,0
574,55,28.4951646211071,-81.3949249058143,2,1,0,0,0,100,13,0
101,54,28.5429682777778,-81.413038537037,3,1,0,0,0,0,11,100
193,54,28.5344284444444,-81.4026768888889,2,1,100,0,0,0,8,0
194,54,28.4343605185185,-81.4034203703704,2,2,0,0,0,0,12,0
232,54,28.5536130584305,-81.4060035322248,2,1,0,100,0,0,7,0
328,54,28.5474385925926,-81.4029184814815,3,1,0,0,0,0,13,0
382,54,28.4361567407407,-81.4028946296296,2,2,0,0,100,0,12,0
387,54,28.5398736111111,-81.4095711851852,3,1,0,0,0,0,14,0
437,54,28.4702794298789,-81.4263189527827,2,1,100,0,100,0,17,0
499,54,28.5240833148148,-81.3774692962963,2,1,100,0,100,0,21,0
552,54,28.5379805185185,-81.3783127777778,2,1,0,0,0,100,13,0
607,54,28.5103925505514,-81.3865595012066,2,1,0,0,0,0,2,0
633,54,28.3896066296296,-81.4819599444444,2,1,0,0,100,0,23,100
14,53,28.5388006981132,-81.4093546792453,3,1,0,0,0,0,19,0
398,53,28.4451709245283,-81.404469490566,2,2,0,0,0,0,6,0
490,53,28.4318263396226,-81.4022270377359,2,2,0,0,100,0,18,0
147,52,28.44398125,-81.4021230576923,2,2,0,0,100,0,14,100
287,52,28.5614697307692,-81.3686964038462,2,1,100,0,0,0,8,0
336,52,28.5234133942977,-81.3997134422154,2,1,0,0,100,0,4,0
380,52,28.5124074807692,-81.4113330576923,3,1,0,0,0,0,11,0
381,52,28.5507008076923,-81.4089396153846,3,1,0,0,0,0,19,0
414,52,28.5277011346154,-81.3647719230769,2,1,0,0,100,0,4,0
567,52,28.4741474423077,-81.4017522115385,2,1,0,0,0,100,18,0
578,52,28.5647153653846,-81.4149985384615,2,1,0,0,100,100,15,0
602,52,28.5252283278892,-81.4259624648588,2,1,0,0,0,0,1,100
100,51,28.5188026078431,-81.4243579803922,3,1,0,0,0,0,10,100
332,51,28.5385754117647,-81.3964066470588,3,1,0,0,0,0,13,0
386,51,28.524958372549,-81.4191846666667,3,1,0,0,0,0,14,0
450,51,28.4989080125356,-81.4161746735312,2,1,100,0,100,0,22,0
531,51,28.5611916470588,-81.4082040588235,2,1,0,0,100,100,13,100
564,51,28.4684587347299,-81.4236145256836,2,1,0,0,100,0,16,0
572,51,28.4208990784314,-81.4037509607843,2,2,0,0,100,0,18,0
573,51,28.4491799019608,-81.4003795882353,2,2,0,0,100,0,14,0
105,50,28.4805728915072,-81.4196943089177,2,1,100,0,100,0,13,0
153,50,28.53693162,-81.41490398,3,1,0,0,0,0,14,100
191,50,28.5239159668982,-81.3644247644304,2,1,0,0,100,0,20,0
256,50,28.53661584,-81.41061096,3,1,0,0,0,0,13,100
346,50,28.50948872,-81.42083212,3,1,0,0,0,0,10,0
363,50,28.54629742,-81.41645374,3,1,0,0,0,0,20,0
486,50,28.43662852,-81.40178694,2,2,0,0,100,0,12,100
488,50,28.5121428375336,-81.3882950591374,2,1,100,0,0,0,17,0
538,50,28.5053918317525,-81.3973857234516,2,1,100,0,100,0,22,100
542,50,28.5379310886286,-81.3916754043694,2,1,0,0,100,100,16,0
569,50,28.52156394,-81.39887634,2,1,0,0,0,100,18,0
595,50,28.5043205904377,-81.3558277130098,2,1,0,0,0,0,4,0
98,49,28.5292756326531,-81.4113098163265,3,1,0,0,0,0,20,100
217,49,28.5007870888573,-81.407380906007,2,1,100,0,100,0,15,0
243,49,28.5268346067897,-81.3898950061514,2,1,100,0,0,0,17,0
292,49,28.5444439387755,-81.4118926326531,3,1,0,0,0,0,19,0
362,49,28.5581631428571,-81.405258244898,3,1,0,0,0,0,13,0
429,49,28.4608627755102,-81.442058755102,2,1,0,0,100,0,11,100
478,49,28.4241963061225,-81.4040977755102,2,2,0,0,0,0,8,0
597,49,28.4495690816327,-81.4016752857143,2,2,0,0,0,0,12,100
618,49,28.4878815510204,-81.3862773877551,2,1,0,0,0,100,13,100
251,48,28.4638287708333,-81.442629875,2,1,0,0,100,0,9,100
301,48,28.523968875,-81.4261207291667,3,1,0,0,0,0,4,0
384,48,28.5343660625,-81.4275174791667,2,1,0,0,100,100,13,0
462,48,28.4864768333333,-81.4381495,2,1,0,0,100,0,5,0
493,48,28.4532099166667,-81.400116375,2,2,0,0,100,0,13,0
596,48,28.5147505112895,-81.4018606806745,2,1,0,0,0,0,6,0
252,47,28.4586958965045,-81.4237142101309,2,1,0,0,100,0,10,100
377,47,28.4473165744681,-81.4009907021277,2,2,0,0,100,0,12,0
396,47,28.5147552978723,-81.419663106383,3,1,0,0,0,0,17,100
416,47,28.4261568297872,-81.4037516595745,2,2,0,0,0,0,11,0
510,47,28.459394106383,-81.3996120638298,2,2,0,0,100,0,13,0
643,47,28.449009106383,-81.4008444042553,2,2,0,0,100,0,16,100
649,47,28.4489708510638,-81.4012454893617,2,2,0,0,100,0,15,100
154,46,28.5123144565217,-81.4298425217391,3,1,0,0,0,0,18,100
258,46,28.4885336092835,-81.4147316505854,2,1,100,0,100,0,14,100
274,46,28.4429438478261,-81.4019439130435,2,2,0,0,100,0,15,100
359,46,28.561525673913,-81.4050515434783,3,1,0,0,0,0,20,0
420,46,28.4411264347826,-81.4015358478261,2,2,0,0,0,0,8,0
466,46,28.5502830607147,-81.3763376902219,2,1,0,0,100,100,18,0
487,46,28.5524486225938,-81.3763993771759,2,1,100,0,100,0,21,0
548,46,28.4813665506526,-81.4093552302827,2,1,100,0,100,0,21,100
340,45,28.5289785555556,-81.4245536222222,2,1,100,0,0,0,7,0
348,45,28.5408816444444,-81.3707358222222,2,1,100,0,0,0,7,0
423,45,28.5205674666667,-81.4143663555556,3,1,0,0,0,0,12,0
532,45,28.4311373333333,-81.4035807555556,2,2,0,0,0,0,12,100
558,45,28.5195603777778,-81.3943001111111,2,1,0,0,0,100,13,0
637,45,28.5227289849867,-81.3830375123947,2,1,100,0,100,0,23,100
322,44,28.5065133409091,-81.3660738409091,2,1,100,0,0,0,7,0
403,44,28.5154568181818,-81.4146275,3,1,0,0,0,0,11,0
428,44,28.5228050676228,-81.387988470352,2,1,0,0,100,0,4,100
470,44,28.5433787700043,-81.4311843375659,2,1,0,0,0,100,19,0
496,44,28.5470266363636,-81.4050978863636,2,1,0,0,100,100,16,0
523,44,28.4440143863636,-81.4027813863636,2,2,0,0,0,0,9,0
575,44,28.4256455,-81.4042563181818,2,2,0,0,0,0,18,0
629,44,28.4510157272727,-81.4663493409091,2,1,0,0,0,100,22,100
651,44,28.4519359090909,-81.401829,2,2,0,0,0,0,13,100
87,43,28.5347874651163,-81.4000453953488,3,1,0,0,0,0,4,100
107,43,28.5133477330233,-81.433264362093,2,1,100,0,100,0,14,0
254,43,28.5134521913953,-81.3922624704651,2,1,100,0,100,0,12,100
318,43,28.505648046369,-81.3935479233809,2,1,0,0,0,100,18,0
393,43,28.5335765813953,-81.4117518139535,3,1,0,0,0,0,11,0
419,43,28.4740418604651,-81.4344615348837,2,1,0,0,0,100,17,100
586,43,28.458697744186,-81.4011201860465,2,2,0,0,0,0,19,100
613,43,28.4341022093023,-81.4071307906977,2,2,0,0,0,0,18,0
95,42,28.5284244761905,-81.4088536190476,2,1,100,0,0,0,12,100
267,42,28.5542934285714,-81.408701952381,2,1,0,0,100,100,14,0
369,42,28.5559223809524,-81.3827537857143,2,1,0,0,0,100,8,0
390,42,28.5310580952381,-81.4113985,3,1,0,0,0,0,19,100
505,42,28.5398916445102,-81.4000630453352,2,1,100,0,0,0,17,0
525,42,28.4832800714286,-81.4001925714286,2,1,0,0,100,0,4,0
646,42,28.4636906904762,-81.4706689761905,2,1,0,0,0,100,20,100
65,41,28.4487074114634,-81.4024790195122,2,2,100,0,100,0,8,0
115,41,28.4564137773171,-81.398338604878,2,2,100,0,100,0,7,0
368,41,28.5128519268293,-81.4009912439024,2,1,100,0,0,0,7,0
374,41,28.5302792195122,-81.4127649512195,3,1,0,0,0,0,20,0
392,41,28.5076561257094,-81.4126397071026,2,1,100,0,0,0,14,0
410,41,28.4954086097561,-81.4521611463415,2,1,100,0,0,0,8,100
520,41,28.5031120487805,-81.402134097561,2,1,100,0,100,0,20,0
526,41,28.4937838421289,-81.4346608447821,2,1,0,0,100,0,5,0
549,41,28.5350982921057,-81.3993728658897,2,1,100,0,0,0,18,0
562,41,28.4554124390244,-81.4012769512195,2,2,0,0,100,0,18,0
588,41,28.537339902439,-81.3919085365854,2,1,0,0,100,100,13,0
337,40,28.5218042,-81.41420795,3,1,0,0,0,0,20,0
460,40,28.484837825338,-81.4052550240866,2,1,100,0,100,0,11,0
464,40,28.550540875,-81.4057525,3,1,0,0,0,0,7,0
553,40,28.5564681489594,-81.4105835255984,2,1,100,0,0,0,16,0
641,40,28.552679825,-81.445753625,2,1,0,0,100,100,18,0
645,40,28.47221595,-81.4746375,2,1,0,0,100,0,21,0
650,40,28.4755779324755,-81.4319368476195,2,1,0,0,100,0,3,100
